<xml xmlns:o="urn:schemas-microsoft-com:office:office">
 <o:MainFile HRef="../Hop_bao_le_hoi_dua_xe_VietNam_Racing_Fest_2020.htm"/>
 <o:File HRef="themedata.thmx"/>
 <o:File HRef="colorschememapping.xml"/>
 <o:File HRef="image001.jpg"/>
 <o:File HRef="image002.jpg"/>
 <o:File HRef="image003.jpg"/>
 <o:File HRef="image004.jpg"/>
 <o:File HRef="image005.jpg"/>
 <o:File HRef="image006.jpg"/>
 <o:File HRef="image007.jpg"/>
 <o:File HRef="image008.jpg"/>
 <o:File HRef="image009.jpg"/>
 <o:File HRef="image010.jpg"/>
 <o:File HRef="image011.jpg"/>
 <o:File HRef="image012.jpg"/>
 <o:File HRef="image013.jpg"/>
 <o:File HRef="image014.jpg"/>
 <o:File HRef="filelist.xml"/>
</xml>